device_id, type
AEBE52E7-03EE-455A-B3C4-E0,IDFA
AEBE52E7-03EE-455A-B3C4-E1,IDFA
AEBE52E7-03EE-455A-B3C4-E2,IDFA
AEBE52E7-03EE-455A-B3C4-E3,IDFA
AEBE52E7-03EE-455A-B3C4-E4,IDFA
AEBE52E7-03EE-455A-B3C4-E5,IDFA
AEBE52E7-03EE-455A-B3C4-E6,IDFA
AEBE52E7-03EE-455A-B3C4-E7,IDFA
AEBE52E7-03EE-455A-B3C4-E8,IDFA
AEBE52E7-03EE-455A-B3C4-E9,IDFA
AEBE52E7-03EE-455A-B3C4-E10,IDFA
AEBE52E7-03EE-455A-B3C4-E11,IDFA
AEBE52E7-03EE-455A-B3C4-E12,IDFA
AEBE52E7-03EE-455A-B3C4-E13,IDFA
AEBE52E7-03EE-455A-B3C4-E14,IDFA
AEBE52E7-03EE-455A-B3C4-E15,IDFA
AEBE52E7-03EE-455A-B3C4-E16,IDFA
AEBE52E7-03EE-455A-B3C4-E17,IDFA
AEBE52E7-03EE-455A-B3C4-E18,IDFA
AEBE52E7-03EE-455A-B3C4-E19,IDFA
AEBE52E7-03EE-455A-B3C4-E20,IDFA
AEBE52E7-03EE-455A-B3C4-E21,IDFA
AEBE52E7-03EE-455A-B3C4-E22,IDFA
AEBE52E7-03EE-455A-B3C4-E23,IDFA
AEBE52E7-03EE-455A-B3C4-E24,IDFA
AEBE52E7-03EE-455A-B3C4-E25,IDFA
AEBE52E7-03EE-455A-B3C4-E26,IDFA
AEBE52E7-03EE-455A-B3C4-E27,IDFA
AEBE52E7-03EE-455A-B3C4-E28,IDFA
AEBE52E7-03EE-455A-B3C4-E29,IDFA
AEBE52E7-03EE-455A-B3C4-E30,IDFA
AEBE52E7-03EE-455A-B3C4-E31,IDFA
AEBE52E7-03EE-455A-B3C4-E32,IDFA
AEBE52E7-03EE-455A-B3C4-E33,IDFA
AEBE52E7-03EE-455A-B3C4-E34,IDFA
AEBE52E7-03EE-455A-B3C4-E35,IDFA
AEBE52E7-03EE-455A-B3C4-E36,IDFA
AEBE52E7-03EE-455A-B3C4-E37,IDFA
AEBE52E7-03EE-455A-B3C4-E38,IDFA
AEBE52E7-03EE-455A-B3C4-E39,IDFA
AEBE52E7-03EE-455A-B3C4-E40,IDFA
AEBE52E7-03EE-455A-B3C4-E41,IDFA
AEBE52E7-03EE-455A-B3C4-E42,IDFA
AEBE52E7-03EE-455A-B3C4-E43,IDFA
AEBE52E7-03EE-455A-B3C4-E44,IDFA
AEBE52E7-03EE-455A-B3C4-E45,IDFA
AEBE52E7-03EE-455A-B3C4-E46,IDFA
AEBE52E7-03EE-455A-B3C4-E47,IDFA
AEBE52E7-03EE-455A-B3C4-E48,IDFA
AEBE52E7-03EE-455A-B3C4-E49,IDFA
AEBE52E7-03EE-455A-B3C4-E50,IDFA
AEBE52E7-03EE-455A-B3C4-E51,IDFA
AEBE52E7-03EE-455A-B3C4-E52,IDFA
AEBE52E7-03EE-455A-B3C4-E53,IDFA
AEBE52E7-03EE-455A-B3C4-E54,IDFA
AEBE52E7-03EE-455A-B3C4-E55,IDFA
AEBE52E7-03EE-455A-B3C4-E56,IDFA
AEBE52E7-03EE-455A-B3C4-E57,IDFA
AEBE52E7-03EE-455A-B3C4-E58,IDFA
AEBE52E7-03EE-455A-B3C4-E59,IDFA
AEBE52E7-03EE-455A-B3C4-E60,IDFA
AEBE52E7-03EE-455A-B3C4-E61,IDFA
AEBE52E7-03EE-455A-B3C4-E62,IDFA
AEBE52E7-03EE-455A-B3C4-E63,IDFA
AEBE52E7-03EE-455A-B3C4-E64,IDFA
AEBE52E7-03EE-455A-B3C4-E65,IDFA
AEBE52E7-03EE-455A-B3C4-E66,IDFA
AEBE52E7-03EE-455A-B3C4-E67,IDFA
AEBE52E7-03EE-455A-B3C4-E68,IDFA
AEBE52E7-03EE-455A-B3C4-E69,IDFA
AEBE52E7-03EE-455A-B3C4-E70,IDFA
AEBE52E7-03EE-455A-B3C4-E71,IDFA
AEBE52E7-03EE-455A-B3C4-E72,IDFA
AEBE52E7-03EE-455A-B3C4-E73,IDFA
AEBE52E7-03EE-455A-B3C4-E74,IDFA
AEBE52E7-03EE-455A-B3C4-E75,IDFA
AEBE52E7-03EE-455A-B3C4-E76,IDFA
AEBE52E7-03EE-455A-B3C4-E77,IDFA
AEBE52E7-03EE-455A-B3C4-E78,IDFA
AEBE52E7-03EE-455A-B3C4-E79,IDFA
AEBE52E7-03EE-455A-B3C4-E80,IDFA
AEBE52E7-03EE-455A-B3C4-E81,IDFA
AEBE52E7-03EE-455A-B3C4-E82,IDFA
AEBE52E7-03EE-455A-B3C4-E83,IDFA
AEBE52E7-03EE-455A-B3C4-E84,IDFA
AEBE52E7-03EE-455A-B3C4-E85,IDFA
AEBE52E7-03EE-455A-B3C4-E86,IDFA
AEBE52E7-03EE-455A-B3C4-E87,IDFA
AEBE52E7-03EE-455A-B3C4-E88,IDFA
AEBE52E7-03EE-455A-B3C4-E89,IDFA
AEBE52E7-03EE-455A-B3C4-E90,IDFA
AEBE52E7-03EE-455A-B3C4-E91,IDFA
AEBE52E7-03EE-455A-B3C4-E92,IDFA
AEBE52E7-03EE-455A-B3C4-E93,IDFA
AEBE52E7-03EE-455A-B3C4-E94,IDFA
AEBE52E7-03EE-455A-B3C4-E95,IDFA
AEBE52E7-03EE-455A-B3C4-E96,IDFA
AEBE52E7-03EE-455A-B3C4-E97,IDFA
AEBE52E7-03EE-455A-B3C4-E98,IDFA
AEBE52E7-03EE-455A-B3C4-E99,IDFA
AEBE52E7-03EE-455A-B3C4-E100,IDFA
AEBE52E7-03EE-455A-B3C4-E101,IDFA
AEBE52E7-03EE-455A-B3C4-E102,IDFA
AEBE52E7-03EE-455A-B3C4-E103,IDFA
AEBE52E7-03EE-455A-B3C4-E104,IDFA
AEBE52E7-03EE-455A-B3C4-E105,IDFA
AEBE52E7-03EE-455A-B3C4-E106,IDFA
AEBE52E7-03EE-455A-B3C4-E107,IDFA
AEBE52E7-03EE-455A-B3C4-E108,IDFA
AEBE52E7-03EE-455A-B3C4-E109,IDFA
AEBE52E7-03EE-455A-B3C4-E110,IDFA
AEBE52E7-03EE-455A-B3C4-E111,IDFA
AEBE52E7-03EE-455A-B3C4-E112,IDFA
AEBE52E7-03EE-455A-B3C4-E113,IDFA
AEBE52E7-03EE-455A-B3C4-E114,IDFA
AEBE52E7-03EE-455A-B3C4-E115,IDFA
AEBE52E7-03EE-455A-B3C4-E116,IDFA
AEBE52E7-03EE-455A-B3C4-E117,IDFA
AEBE52E7-03EE-455A-B3C4-E118,IDFA
AEBE52E7-03EE-455A-B3C4-E119,IDFA
AEBE52E7-03EE-455A-B3C4-E120,IDFA
AEBE52E7-03EE-455A-B3C4-E121,IDFA
AEBE52E7-03EE-455A-B3C4-E122,IDFA
AEBE52E7-03EE-455A-B3C4-E123,IDFA
AEBE52E7-03EE-455A-B3C4-E124,IDFA
AEBE52E7-03EE-455A-B3C4-E125,IDFA
AEBE52E7-03EE-455A-B3C4-E126,IDFA
AEBE52E7-03EE-455A-B3C4-E127,IDFA
AEBE52E7-03EE-455A-B3C4-E128,IDFA
AEBE52E7-03EE-455A-B3C4-E129,IDFA
AEBE52E7-03EE-455A-B3C4-E130,IDFA
AEBE52E7-03EE-455A-B3C4-E131,IDFA
AEBE52E7-03EE-455A-B3C4-E132,IDFA
AEBE52E7-03EE-455A-B3C4-E133,IDFA
AEBE52E7-03EE-455A-B3C4-E134,IDFA
AEBE52E7-03EE-455A-B3C4-E135,IDFA
AEBE52E7-03EE-455A-B3C4-E136,IDFA
AEBE52E7-03EE-455A-B3C4-E137,IDFA
AEBE52E7-03EE-455A-B3C4-E138,IDFA
AEBE52E7-03EE-455A-B3C4-E139,IDFA
AEBE52E7-03EE-455A-B3C4-E140,IDFA
AEBE52E7-03EE-455A-B3C4-E141,IDFA
AEBE52E7-03EE-455A-B3C4-E142,IDFA
AEBE52E7-03EE-455A-B3C4-E143,IDFA
AEBE52E7-03EE-455A-B3C4-E144,IDFA
AEBE52E7-03EE-455A-B3C4-E145,IDFA
AEBE52E7-03EE-455A-B3C4-E146,IDFA
AEBE52E7-03EE-455A-B3C4-E147,IDFA
AEBE52E7-03EE-455A-B3C4-E148,IDFA
AEBE52E7-03EE-455A-B3C4-E149,IDFA
AEBE52E7-03EE-455A-B3C4-E150,IDFA
AEBE52E7-03EE-455A-B3C4-E151,IDFA
AEBE52E7-03EE-455A-B3C4-E152,IDFA
AEBE52E7-03EE-455A-B3C4-E153,IDFA
AEBE52E7-03EE-455A-B3C4-E154,IDFA
AEBE52E7-03EE-455A-B3C4-E155,IDFA
AEBE52E7-03EE-455A-B3C4-E156,IDFA
AEBE52E7-03EE-455A-B3C4-E157,IDFA
AEBE52E7-03EE-455A-B3C4-E158,IDFA
AEBE52E7-03EE-455A-B3C4-E159,IDFA
AEBE52E7-03EE-455A-B3C4-E160,IDFA
AEBE52E7-03EE-455A-B3C4-E161,IDFA
AEBE52E7-03EE-455A-B3C4-E162,IDFA
AEBE52E7-03EE-455A-B3C4-E163,IDFA
AEBE52E7-03EE-455A-B3C4-E164,IDFA
AEBE52E7-03EE-455A-B3C4-E165,IDFA
AEBE52E7-03EE-455A-B3C4-E166,IDFA
AEBE52E7-03EE-455A-B3C4-E167,IDFA
AEBE52E7-03EE-455A-B3C4-E168,IDFA
AEBE52E7-03EE-455A-B3C4-E169,IDFA
AEBE52E7-03EE-455A-B3C4-E170,IDFA
AEBE52E7-03EE-455A-B3C4-E171,IDFA
AEBE52E7-03EE-455A-B3C4-E172,IDFA
AEBE52E7-03EE-455A-B3C4-E173,IDFA
AEBE52E7-03EE-455A-B3C4-E174,IDFA
AEBE52E7-03EE-455A-B3C4-E175,IDFA
AEBE52E7-03EE-455A-B3C4-E176,IDFA
AEBE52E7-03EE-455A-B3C4-E177,IDFA
AEBE52E7-03EE-455A-B3C4-E178,IDFA
AEBE52E7-03EE-455A-B3C4-E179,IDFA
AEBE52E7-03EE-455A-B3C4-E180,IDFA
AEBE52E7-03EE-455A-B3C4-E181,IDFA
AEBE52E7-03EE-455A-B3C4-E182,IDFA
AEBE52E7-03EE-455A-B3C4-E183,IDFA
AEBE52E7-03EE-455A-B3C4-E184,IDFA
AEBE52E7-03EE-455A-B3C4-E185,IDFA
AEBE52E7-03EE-455A-B3C4-E186,IDFA
AEBE52E7-03EE-455A-B3C4-E187,IDFA
AEBE52E7-03EE-455A-B3C4-E188,IDFA
AEBE52E7-03EE-455A-B3C4-E189,IDFA
AEBE52E7-03EE-455A-B3C4-E190,IDFA
AEBE52E7-03EE-455A-B3C4-E191,IDFA
AEBE52E7-03EE-455A-B3C4-E192,IDFA
AEBE52E7-03EE-455A-B3C4-E193,IDFA
AEBE52E7-03EE-455A-B3C4-E194,IDFA
AEBE52E7-03EE-455A-B3C4-E195,IDFA
AEBE52E7-03EE-455A-B3C4-E196,IDFA
AEBE52E7-03EE-455A-B3C4-E197,IDFA
AEBE52E7-03EE-455A-B3C4-E198,IDFA
AEBE52E7-03EE-455A-B3C4-E199,IDFA
AEBE52E7-03EE-455A-B3C4-E200,IDFA
AEBE52E7-03EE-455A-B3C4-E201,IDFA
AEBE52E7-03EE-455A-B3C4-E202,IDFA
AEBE52E7-03EE-455A-B3C4-E203,IDFA
AEBE52E7-03EE-455A-B3C4-E204,IDFA
AEBE52E7-03EE-455A-B3C4-E205,IDFA
AEBE52E7-03EE-455A-B3C4-E206,IDFA
AEBE52E7-03EE-455A-B3C4-E207,IDFA
AEBE52E7-03EE-455A-B3C4-E208,IDFA
AEBE52E7-03EE-455A-B3C4-E209,IDFA
AEBE52E7-03EE-455A-B3C4-E210,IDFA
AEBE52E7-03EE-455A-B3C4-E211,IDFA
AEBE52E7-03EE-455A-B3C4-E212,IDFA
AEBE52E7-03EE-455A-B3C4-E213,IDFA
AEBE52E7-03EE-455A-B3C4-E214,IDFA
AEBE52E7-03EE-455A-B3C4-E215,IDFA
AEBE52E7-03EE-455A-B3C4-E216,IDFA
AEBE52E7-03EE-455A-B3C4-E217,IDFA
AEBE52E7-03EE-455A-B3C4-E218,IDFA
AEBE52E7-03EE-455A-B3C4-E219,IDFA
AEBE52E7-03EE-455A-B3C4-E220,IDFA
AEBE52E7-03EE-455A-B3C4-E221,IDFA
AEBE52E7-03EE-455A-B3C4-E222,IDFA
AEBE52E7-03EE-455A-B3C4-E223,IDFA
AEBE52E7-03EE-455A-B3C4-E224,IDFA
AEBE52E7-03EE-455A-B3C4-E225,IDFA
AEBE52E7-03EE-455A-B3C4-E226,IDFA
AEBE52E7-03EE-455A-B3C4-E227,IDFA
AEBE52E7-03EE-455A-B3C4-E228,IDFA
AEBE52E7-03EE-455A-B3C4-E229,IDFA
AEBE52E7-03EE-455A-B3C4-E230,IDFA
AEBE52E7-03EE-455A-B3C4-E231,IDFA
AEBE52E7-03EE-455A-B3C4-E232,IDFA
AEBE52E7-03EE-455A-B3C4-E233,IDFA
AEBE52E7-03EE-455A-B3C4-E234,IDFA
AEBE52E7-03EE-455A-B3C4-E235,IDFA
AEBE52E7-03EE-455A-B3C4-E236,IDFA
AEBE52E7-03EE-455A-B3C4-E237,IDFA
AEBE52E7-03EE-455A-B3C4-E238,IDFA
AEBE52E7-03EE-455A-B3C4-E239,IDFA
AEBE52E7-03EE-455A-B3C4-E240,IDFA
AEBE52E7-03EE-455A-B3C4-E241,IDFA
AEBE52E7-03EE-455A-B3C4-E242,IDFA
AEBE52E7-03EE-455A-B3C4-E243,IDFA
AEBE52E7-03EE-455A-B3C4-E244,IDFA
AEBE52E7-03EE-455A-B3C4-E245,IDFA
AEBE52E7-03EE-455A-B3C4-E246,IDFA
AEBE52E7-03EE-455A-B3C4-E247,IDFA
AEBE52E7-03EE-455A-B3C4-E248,IDFA
AEBE52E7-03EE-455A-B3C4-E249,IDFA
AEBE52E7-03EE-455A-B3C4-E250,IDFA
AEBE52E7-03EE-455A-B3C4-E251,IDFA
AEBE52E7-03EE-455A-B3C4-E252,IDFA
AEBE52E7-03EE-455A-B3C4-E253,IDFA
AEBE52E7-03EE-455A-B3C4-E254,IDFA
AEBE52E7-03EE-455A-B3C4-E255,IDFA
AEBE52E7-03EE-455A-B3C4-E256,IDFA
AEBE52E7-03EE-455A-B3C4-E257,IDFA
AEBE52E7-03EE-455A-B3C4-E258,IDFA
AEBE52E7-03EE-455A-B3C4-E259,IDFA
AEBE52E7-03EE-455A-B3C4-E260,IDFA
AEBE52E7-03EE-455A-B3C4-E261,IDFA
AEBE52E7-03EE-455A-B3C4-E262,IDFA
AEBE52E7-03EE-455A-B3C4-E263,IDFA
AEBE52E7-03EE-455A-B3C4-E264,IDFA
AEBE52E7-03EE-455A-B3C4-E265,IDFA
AEBE52E7-03EE-455A-B3C4-E266,IDFA
AEBE52E7-03EE-455A-B3C4-E267,IDFA
AEBE52E7-03EE-455A-B3C4-E268,IDFA
AEBE52E7-03EE-455A-B3C4-E269,IDFA
AEBE52E7-03EE-455A-B3C4-E270,IDFA
AEBE52E7-03EE-455A-B3C4-E271,IDFA
AEBE52E7-03EE-455A-B3C4-E272,IDFA
AEBE52E7-03EE-455A-B3C4-E273,IDFA
AEBE52E7-03EE-455A-B3C4-E274,IDFA
AEBE52E7-03EE-455A-B3C4-E275,IDFA
AEBE52E7-03EE-455A-B3C4-E276,IDFA
AEBE52E7-03EE-455A-B3C4-E277,IDFA
AEBE52E7-03EE-455A-B3C4-E278,IDFA
AEBE52E7-03EE-455A-B3C4-E279,IDFA
AEBE52E7-03EE-455A-B3C4-E280,IDFA
AEBE52E7-03EE-455A-B3C4-E281,IDFA
AEBE52E7-03EE-455A-B3C4-E282,IDFA
AEBE52E7-03EE-455A-B3C4-E283,IDFA
AEBE52E7-03EE-455A-B3C4-E284,IDFA
AEBE52E7-03EE-455A-B3C4-E285,IDFA
AEBE52E7-03EE-455A-B3C4-E286,IDFA
AEBE52E7-03EE-455A-B3C4-E287,IDFA
AEBE52E7-03EE-455A-B3C4-E288,IDFA
AEBE52E7-03EE-455A-B3C4-E289,IDFA
AEBE52E7-03EE-455A-B3C4-E290,IDFA
AEBE52E7-03EE-455A-B3C4-E291,IDFA
AEBE52E7-03EE-455A-B3C4-E292,IDFA
AEBE52E7-03EE-455A-B3C4-E293,IDFA
AEBE52E7-03EE-455A-B3C4-E294,IDFA
AEBE52E7-03EE-455A-B3C4-E295,IDFA
AEBE52E7-03EE-455A-B3C4-E296,IDFA
AEBE52E7-03EE-455A-B3C4-E297,IDFA
AEBE52E7-03EE-455A-B3C4-E298,IDFA
AEBE52E7-03EE-455A-B3C4-E299,IDFA
AEBE52E7-03EE-455A-B3C4-E300,IDFA
AEBE52E7-03EE-455A-B3C4-E301,IDFA
AEBE52E7-03EE-455A-B3C4-E302,IDFA
AEBE52E7-03EE-455A-B3C4-E303,IDFA
AEBE52E7-03EE-455A-B3C4-E304,IDFA
AEBE52E7-03EE-455A-B3C4-E305,IDFA
AEBE52E7-03EE-455A-B3C4-E306,IDFA
AEBE52E7-03EE-455A-B3C4-E307,IDFA
AEBE52E7-03EE-455A-B3C4-E308,IDFA
AEBE52E7-03EE-455A-B3C4-E309,IDFA
AEBE52E7-03EE-455A-B3C4-E310,IDFA
AEBE52E7-03EE-455A-B3C4-E311,IDFA
AEBE52E7-03EE-455A-B3C4-E312,IDFA
AEBE52E7-03EE-455A-B3C4-E313,IDFA
AEBE52E7-03EE-455A-B3C4-E314,IDFA
AEBE52E7-03EE-455A-B3C4-E315,IDFA
AEBE52E7-03EE-455A-B3C4-E316,IDFA
AEBE52E7-03EE-455A-B3C4-E317,IDFA
AEBE52E7-03EE-455A-B3C4-E318,IDFA
AEBE52E7-03EE-455A-B3C4-E319,IDFA
AEBE52E7-03EE-455A-B3C4-E320,IDFA
AEBE52E7-03EE-455A-B3C4-E321,IDFA
AEBE52E7-03EE-455A-B3C4-E322,IDFA
AEBE52E7-03EE-455A-B3C4-E323,IDFA
AEBE52E7-03EE-455A-B3C4-E324,IDFA
AEBE52E7-03EE-455A-B3C4-E325,IDFA
AEBE52E7-03EE-455A-B3C4-E326,IDFA
AEBE52E7-03EE-455A-B3C4-E327,IDFA
AEBE52E7-03EE-455A-B3C4-E328,IDFA
AEBE52E7-03EE-455A-B3C4-E329,IDFA
AEBE52E7-03EE-455A-B3C4-E330,IDFA
AEBE52E7-03EE-455A-B3C4-E331,IDFA
AEBE52E7-03EE-455A-B3C4-E332,IDFA
AEBE52E7-03EE-455A-B3C4-E333,IDFA
AEBE52E7-03EE-455A-B3C4-E334,IDFA
AEBE52E7-03EE-455A-B3C4-E335,IDFA
AEBE52E7-03EE-455A-B3C4-E336,IDFA
AEBE52E7-03EE-455A-B3C4-E337,IDFA
AEBE52E7-03EE-455A-B3C4-E338,IDFA
AEBE52E7-03EE-455A-B3C4-E339,IDFA
AEBE52E7-03EE-455A-B3C4-E340,IDFA
AEBE52E7-03EE-455A-B3C4-E341,IDFA
AEBE52E7-03EE-455A-B3C4-E342,IDFA
AEBE52E7-03EE-455A-B3C4-E343,IDFA
AEBE52E7-03EE-455A-B3C4-E344,IDFA
AEBE52E7-03EE-455A-B3C4-E345,IDFA
AEBE52E7-03EE-455A-B3C4-E346,IDFA
AEBE52E7-03EE-455A-B3C4-E347,IDFA
AEBE52E7-03EE-455A-B3C4-E348,IDFA
AEBE52E7-03EE-455A-B3C4-E349,IDFA
AEBE52E7-03EE-455A-B3C4-E350,IDFA
AEBE52E7-03EE-455A-B3C4-E351,IDFA
AEBE52E7-03EE-455A-B3C4-E352,IDFA
AEBE52E7-03EE-455A-B3C4-E353,IDFA
AEBE52E7-03EE-455A-B3C4-E354,IDFA
AEBE52E7-03EE-455A-B3C4-E355,IDFA
AEBE52E7-03EE-455A-B3C4-E356,IDFA
AEBE52E7-03EE-455A-B3C4-E357,IDFA
AEBE52E7-03EE-455A-B3C4-E358,IDFA
AEBE52E7-03EE-455A-B3C4-E359,IDFA
AEBE52E7-03EE-455A-B3C4-E360,IDFA
AEBE52E7-03EE-455A-B3C4-E361,IDFA
AEBE52E7-03EE-455A-B3C4-E362,IDFA
AEBE52E7-03EE-455A-B3C4-E363,IDFA
AEBE52E7-03EE-455A-B3C4-E364,IDFA
AEBE52E7-03EE-455A-B3C4-E365,IDFA
AEBE52E7-03EE-455A-B3C4-E366,IDFA
AEBE52E7-03EE-455A-B3C4-E367,IDFA
AEBE52E7-03EE-455A-B3C4-E368,IDFA
AEBE52E7-03EE-455A-B3C4-E369,IDFA
AEBE52E7-03EE-455A-B3C4-E370,IDFA
AEBE52E7-03EE-455A-B3C4-E371,IDFA
AEBE52E7-03EE-455A-B3C4-E372,IDFA
AEBE52E7-03EE-455A-B3C4-E373,IDFA
AEBE52E7-03EE-455A-B3C4-E374,IDFA
AEBE52E7-03EE-455A-B3C4-E375,IDFA
AEBE52E7-03EE-455A-B3C4-E376,IDFA
AEBE52E7-03EE-455A-B3C4-E377,IDFA
AEBE52E7-03EE-455A-B3C4-E378,IDFA
AEBE52E7-03EE-455A-B3C4-E379,IDFA
AEBE52E7-03EE-455A-B3C4-E380,IDFA
AEBE52E7-03EE-455A-B3C4-E381,IDFA
AEBE52E7-03EE-455A-B3C4-E382,IDFA
AEBE52E7-03EE-455A-B3C4-E383,IDFA
AEBE52E7-03EE-455A-B3C4-E384,IDFA
AEBE52E7-03EE-455A-B3C4-E385,IDFA
AEBE52E7-03EE-455A-B3C4-E386,IDFA
AEBE52E7-03EE-455A-B3C4-E387,IDFA
AEBE52E7-03EE-455A-B3C4-E388,IDFA
AEBE52E7-03EE-455A-B3C4-E389,IDFA
AEBE52E7-03EE-455A-B3C4-E390,IDFA
AEBE52E7-03EE-455A-B3C4-E391,IDFA
AEBE52E7-03EE-455A-B3C4-E392,IDFA
AEBE52E7-03EE-455A-B3C4-E393,IDFA
AEBE52E7-03EE-455A-B3C4-E394,IDFA
AEBE52E7-03EE-455A-B3C4-E395,IDFA
AEBE52E7-03EE-455A-B3C4-E396,IDFA
AEBE52E7-03EE-455A-B3C4-E397,IDFA
AEBE52E7-03EE-455A-B3C4-E398,IDFA
AEBE52E7-03EE-455A-B3C4-E399,IDFA
AEBE52E7-03EE-455A-B3C4-E400,IDFA
AEBE52E7-03EE-455A-B3C4-E401,IDFA
AEBE52E7-03EE-455A-B3C4-E402,IDFA
AEBE52E7-03EE-455A-B3C4-E403,IDFA
AEBE52E7-03EE-455A-B3C4-E404,IDFA
AEBE52E7-03EE-455A-B3C4-E405,IDFA
AEBE52E7-03EE-455A-B3C4-E406,IDFA
AEBE52E7-03EE-455A-B3C4-E407,IDFA
AEBE52E7-03EE-455A-B3C4-E408,IDFA
AEBE52E7-03EE-455A-B3C4-E409,IDFA
AEBE52E7-03EE-455A-B3C4-E410,IDFA
AEBE52E7-03EE-455A-B3C4-E411,IDFA
AEBE52E7-03EE-455A-B3C4-E412,IDFA
AEBE52E7-03EE-455A-B3C4-E413,IDFA
AEBE52E7-03EE-455A-B3C4-E414,IDFA
AEBE52E7-03EE-455A-B3C4-E415,IDFA
AEBE52E7-03EE-455A-B3C4-E416,IDFA
AEBE52E7-03EE-455A-B3C4-E417,IDFA
AEBE52E7-03EE-455A-B3C4-E418,IDFA
AEBE52E7-03EE-455A-B3C4-E419,IDFA
AEBE52E7-03EE-455A-B3C4-E420,IDFA
AEBE52E7-03EE-455A-B3C4-E421,IDFA
AEBE52E7-03EE-455A-B3C4-E422,IDFA
AEBE52E7-03EE-455A-B3C4-E423,IDFA
AEBE52E7-03EE-455A-B3C4-E424,IDFA
AEBE52E7-03EE-455A-B3C4-E425,IDFA
AEBE52E7-03EE-455A-B3C4-E426,IDFA
AEBE52E7-03EE-455A-B3C4-E427,IDFA
AEBE52E7-03EE-455A-B3C4-E428,IDFA
AEBE52E7-03EE-455A-B3C4-E429,IDFA
AEBE52E7-03EE-455A-B3C4-E430,IDFA
AEBE52E7-03EE-455A-B3C4-E431,IDFA
AEBE52E7-03EE-455A-B3C4-E432,IDFA
AEBE52E7-03EE-455A-B3C4-E433,IDFA
AEBE52E7-03EE-455A-B3C4-E434,IDFA
AEBE52E7-03EE-455A-B3C4-E435,IDFA
AEBE52E7-03EE-455A-B3C4-E436,IDFA
AEBE52E7-03EE-455A-B3C4-E437,IDFA
AEBE52E7-03EE-455A-B3C4-E438,IDFA
AEBE52E7-03EE-455A-B3C4-E439,IDFA
AEBE52E7-03EE-455A-B3C4-E440,IDFA
AEBE52E7-03EE-455A-B3C4-E441,IDFA
AEBE52E7-03EE-455A-B3C4-E442,IDFA
AEBE52E7-03EE-455A-B3C4-E443,IDFA
AEBE52E7-03EE-455A-B3C4-E444,IDFA
AEBE52E7-03EE-455A-B3C4-E445,IDFA
AEBE52E7-03EE-455A-B3C4-E446,IDFA
AEBE52E7-03EE-455A-B3C4-E447,IDFA
AEBE52E7-03EE-455A-B3C4-E448,IDFA
AEBE52E7-03EE-455A-B3C4-E449,IDFA
AEBE52E7-03EE-455A-B3C4-E450,IDFA
AEBE52E7-03EE-455A-B3C4-E451,IDFA
AEBE52E7-03EE-455A-B3C4-E452,IDFA
AEBE52E7-03EE-455A-B3C4-E453,IDFA
AEBE52E7-03EE-455A-B3C4-E454,IDFA
AEBE52E7-03EE-455A-B3C4-E455,IDFA
AEBE52E7-03EE-455A-B3C4-E456,IDFA
AEBE52E7-03EE-455A-B3C4-E457,IDFA
AEBE52E7-03EE-455A-B3C4-E458,IDFA
AEBE52E7-03EE-455A-B3C4-E459,IDFA
AEBE52E7-03EE-455A-B3C4-E460,IDFA
AEBE52E7-03EE-455A-B3C4-E461,IDFA
AEBE52E7-03EE-455A-B3C4-E462,IDFA
AEBE52E7-03EE-455A-B3C4-E463,IDFA
AEBE52E7-03EE-455A-B3C4-E464,IDFA
AEBE52E7-03EE-455A-B3C4-E465,IDFA
AEBE52E7-03EE-455A-B3C4-E466,IDFA
AEBE52E7-03EE-455A-B3C4-E467,IDFA
AEBE52E7-03EE-455A-B3C4-E468,IDFA
AEBE52E7-03EE-455A-B3C4-E469,IDFA
AEBE52E7-03EE-455A-B3C4-E470,IDFA
AEBE52E7-03EE-455A-B3C4-E471,IDFA
AEBE52E7-03EE-455A-B3C4-E472,IDFA
AEBE52E7-03EE-455A-B3C4-E473,IDFA
AEBE52E7-03EE-455A-B3C4-E474,IDFA
AEBE52E7-03EE-455A-B3C4-E475,IDFA
AEBE52E7-03EE-455A-B3C4-E476,IDFA
AEBE52E7-03EE-455A-B3C4-E477,IDFA
AEBE52E7-03EE-455A-B3C4-E478,IDFA
AEBE52E7-03EE-455A-B3C4-E479,IDFA
AEBE52E7-03EE-455A-B3C4-E480,IDFA
AEBE52E7-03EE-455A-B3C4-E481,IDFA
AEBE52E7-03EE-455A-B3C4-E482,IDFA
AEBE52E7-03EE-455A-B3C4-E483,IDFA
AEBE52E7-03EE-455A-B3C4-E484,IDFA
AEBE52E7-03EE-455A-B3C4-E485,IDFA
AEBE52E7-03EE-455A-B3C4-E486,IDFA
AEBE52E7-03EE-455A-B3C4-E487,IDFA
AEBE52E7-03EE-455A-B3C4-E488,IDFA
AEBE52E7-03EE-455A-B3C4-E489,IDFA
AEBE52E7-03EE-455A-B3C4-E490,IDFA
AEBE52E7-03EE-455A-B3C4-E491,IDFA
AEBE52E7-03EE-455A-B3C4-E492,IDFA
AEBE52E7-03EE-455A-B3C4-E493,IDFA
AEBE52E7-03EE-455A-B3C4-E494,IDFA
AEBE52E7-03EE-455A-B3C4-E495,IDFA
AEBE52E7-03EE-455A-B3C4-E496,IDFA
AEBE52E7-03EE-455A-B3C4-E497,IDFA
AEBE52E7-03EE-455A-B3C4-E498,IDFA
AEBE52E7-03EE-455A-B3C4-E499,IDFA
AEBE52E7-03EE-455A-B3C4-E500,IDFA
AEBE52E7-03EE-455A-B3C4-E501,IDFA
AEBE52E7-03EE-455A-B3C4-E502,IDFA
AEBE52E7-03EE-455A-B3C4-E503,IDFA
AEBE52E7-03EE-455A-B3C4-E504,IDFA
AEBE52E7-03EE-455A-B3C4-E505,IDFA
AEBE52E7-03EE-455A-B3C4-E506,IDFA
AEBE52E7-03EE-455A-B3C4-E507,IDFA
AEBE52E7-03EE-455A-B3C4-E508,IDFA
AEBE52E7-03EE-455A-B3C4-E509,IDFA
AEBE52E7-03EE-455A-B3C4-E510,IDFA
AEBE52E7-03EE-455A-B3C4-E511,IDFA
AEBE52E7-03EE-455A-B3C4-E512,IDFA
AEBE52E7-03EE-455A-B3C4-E513,IDFA
AEBE52E7-03EE-455A-B3C4-E514,IDFA
AEBE52E7-03EE-455A-B3C4-E515,IDFA
AEBE52E7-03EE-455A-B3C4-E516,IDFA
AEBE52E7-03EE-455A-B3C4-E517,IDFA
AEBE52E7-03EE-455A-B3C4-E518,IDFA
AEBE52E7-03EE-455A-B3C4-E519,IDFA
AEBE52E7-03EE-455A-B3C4-E520,IDFA
AEBE52E7-03EE-455A-B3C4-E521,IDFA
AEBE52E7-03EE-455A-B3C4-E522,IDFA
AEBE52E7-03EE-455A-B3C4-E523,IDFA
AEBE52E7-03EE-455A-B3C4-E524,IDFA
AEBE52E7-03EE-455A-B3C4-E525,IDFA
AEBE52E7-03EE-455A-B3C4-E526,IDFA
AEBE52E7-03EE-455A-B3C4-E527,IDFA
AEBE52E7-03EE-455A-B3C4-E528,IDFA
AEBE52E7-03EE-455A-B3C4-E529,IDFA
AEBE52E7-03EE-455A-B3C4-E530,IDFA
AEBE52E7-03EE-455A-B3C4-E531,IDFA
AEBE52E7-03EE-455A-B3C4-E532,IDFA
AEBE52E7-03EE-455A-B3C4-E533,IDFA
AEBE52E7-03EE-455A-B3C4-E534,IDFA
AEBE52E7-03EE-455A-B3C4-E535,IDFA
AEBE52E7-03EE-455A-B3C4-E536,IDFA
AEBE52E7-03EE-455A-B3C4-E537,IDFA
AEBE52E7-03EE-455A-B3C4-E538,IDFA
AEBE52E7-03EE-455A-B3C4-E539,IDFA
AEBE52E7-03EE-455A-B3C4-E540,IDFA
AEBE52E7-03EE-455A-B3C4-E541,IDFA
AEBE52E7-03EE-455A-B3C4-E542,IDFA
AEBE52E7-03EE-455A-B3C4-E543,IDFA
AEBE52E7-03EE-455A-B3C4-E544,IDFA
AEBE52E7-03EE-455A-B3C4-E545,IDFA
AEBE52E7-03EE-455A-B3C4-E546,IDFA
AEBE52E7-03EE-455A-B3C4-E547,IDFA
AEBE52E7-03EE-455A-B3C4-E548,IDFA
AEBE52E7-03EE-455A-B3C4-E549,IDFA
AEBE52E7-03EE-455A-B3C4-E550,IDFA
AEBE52E7-03EE-455A-B3C4-E551,IDFA
AEBE52E7-03EE-455A-B3C4-E552,IDFA
AEBE52E7-03EE-455A-B3C4-E553,IDFA
AEBE52E7-03EE-455A-B3C4-E554,IDFA
AEBE52E7-03EE-455A-B3C4-E555,IDFA
AEBE52E7-03EE-455A-B3C4-E556,IDFA
AEBE52E7-03EE-455A-B3C4-E557,IDFA
AEBE52E7-03EE-455A-B3C4-E558,IDFA
AEBE52E7-03EE-455A-B3C4-E559,IDFA
AEBE52E7-03EE-455A-B3C4-E560,IDFA
AEBE52E7-03EE-455A-B3C4-E561,IDFA
AEBE52E7-03EE-455A-B3C4-E562,IDFA
AEBE52E7-03EE-455A-B3C4-E563,IDFA
AEBE52E7-03EE-455A-B3C4-E564,IDFA
AEBE52E7-03EE-455A-B3C4-E565,IDFA
AEBE52E7-03EE-455A-B3C4-E566,IDFA
AEBE52E7-03EE-455A-B3C4-E567,IDFA
AEBE52E7-03EE-455A-B3C4-E568,IDFA
AEBE52E7-03EE-455A-B3C4-E569,IDFA
AEBE52E7-03EE-455A-B3C4-E570,IDFA
AEBE52E7-03EE-455A-B3C4-E571,IDFA
AEBE52E7-03EE-455A-B3C4-E572,IDFA
AEBE52E7-03EE-455A-B3C4-E573,IDFA
AEBE52E7-03EE-455A-B3C4-E574,IDFA
AEBE52E7-03EE-455A-B3C4-E575,IDFA
AEBE52E7-03EE-455A-B3C4-E576,IDFA
AEBE52E7-03EE-455A-B3C4-E577,IDFA
AEBE52E7-03EE-455A-B3C4-E578,IDFA
AEBE52E7-03EE-455A-B3C4-E579,IDFA
AEBE52E7-03EE-455A-B3C4-E580,IDFA
AEBE52E7-03EE-455A-B3C4-E581,IDFA
AEBE52E7-03EE-455A-B3C4-E582,IDFA
AEBE52E7-03EE-455A-B3C4-E583,IDFA
AEBE52E7-03EE-455A-B3C4-E584,IDFA
AEBE52E7-03EE-455A-B3C4-E585,IDFA
AEBE52E7-03EE-455A-B3C4-E586,IDFA
AEBE52E7-03EE-455A-B3C4-E587,IDFA
AEBE52E7-03EE-455A-B3C4-E588,IDFA
AEBE52E7-03EE-455A-B3C4-E589,IDFA
AEBE52E7-03EE-455A-B3C4-E590,IDFA
AEBE52E7-03EE-455A-B3C4-E591,IDFA
AEBE52E7-03EE-455A-B3C4-E592,IDFA
AEBE52E7-03EE-455A-B3C4-E593,IDFA
AEBE52E7-03EE-455A-B3C4-E594,IDFA
AEBE52E7-03EE-455A-B3C4-E595,IDFA
AEBE52E7-03EE-455A-B3C4-E596,IDFA
AEBE52E7-03EE-455A-B3C4-E597,IDFA
AEBE52E7-03EE-455A-B3C4-E598,IDFA
AEBE52E7-03EE-455A-B3C4-E599,IDFA
AEBE52E7-03EE-455A-B3C4-E600,IDFA
AEBE52E7-03EE-455A-B3C4-E601,IDFA
AEBE52E7-03EE-455A-B3C4-E602,IDFA
AEBE52E7-03EE-455A-B3C4-E603,IDFA
AEBE52E7-03EE-455A-B3C4-E604,IDFA
AEBE52E7-03EE-455A-B3C4-E605,IDFA
AEBE52E7-03EE-455A-B3C4-E606,IDFA
AEBE52E7-03EE-455A-B3C4-E607,IDFA
AEBE52E7-03EE-455A-B3C4-E608,IDFA
AEBE52E7-03EE-455A-B3C4-E609,IDFA
AEBE52E7-03EE-455A-B3C4-E610,IDFA
AEBE52E7-03EE-455A-B3C4-E611,IDFA
AEBE52E7-03EE-455A-B3C4-E612,IDFA
AEBE52E7-03EE-455A-B3C4-E613,IDFA
AEBE52E7-03EE-455A-B3C4-E614,IDFA
AEBE52E7-03EE-455A-B3C4-E615,IDFA
AEBE52E7-03EE-455A-B3C4-E616,IDFA
AEBE52E7-03EE-455A-B3C4-E617,IDFA
AEBE52E7-03EE-455A-B3C4-E618,IDFA
AEBE52E7-03EE-455A-B3C4-E619,IDFA
AEBE52E7-03EE-455A-B3C4-E620,IDFA
AEBE52E7-03EE-455A-B3C4-E621,IDFA
AEBE52E7-03EE-455A-B3C4-E622,IDFA
AEBE52E7-03EE-455A-B3C4-E623,IDFA
AEBE52E7-03EE-455A-B3C4-E624,IDFA
AEBE52E7-03EE-455A-B3C4-E625,IDFA
AEBE52E7-03EE-455A-B3C4-E626,IDFA
AEBE52E7-03EE-455A-B3C4-E627,IDFA
AEBE52E7-03EE-455A-B3C4-E628,IDFA
AEBE52E7-03EE-455A-B3C4-E629,IDFA
AEBE52E7-03EE-455A-B3C4-E630,IDFA
AEBE52E7-03EE-455A-B3C4-E631,IDFA
AEBE52E7-03EE-455A-B3C4-E632,IDFA
AEBE52E7-03EE-455A-B3C4-E633,IDFA
AEBE52E7-03EE-455A-B3C4-E634,IDFA
AEBE52E7-03EE-455A-B3C4-E635,IDFA
AEBE52E7-03EE-455A-B3C4-E636,IDFA
AEBE52E7-03EE-455A-B3C4-E637,IDFA
AEBE52E7-03EE-455A-B3C4-E638,IDFA
AEBE52E7-03EE-455A-B3C4-E639,IDFA
AEBE52E7-03EE-455A-B3C4-E640,IDFA
AEBE52E7-03EE-455A-B3C4-E641,IDFA
AEBE52E7-03EE-455A-B3C4-E642,IDFA
AEBE52E7-03EE-455A-B3C4-E643,IDFA
AEBE52E7-03EE-455A-B3C4-E644,IDFA
AEBE52E7-03EE-455A-B3C4-E645,IDFA
AEBE52E7-03EE-455A-B3C4-E646,IDFA
AEBE52E7-03EE-455A-B3C4-E647,IDFA
AEBE52E7-03EE-455A-B3C4-E648,IDFA
AEBE52E7-03EE-455A-B3C4-E649,IDFA
AEBE52E7-03EE-455A-B3C4-E650,IDFA
AEBE52E7-03EE-455A-B3C4-E651,IDFA
AEBE52E7-03EE-455A-B3C4-E652,IDFA
AEBE52E7-03EE-455A-B3C4-E653,IDFA
AEBE52E7-03EE-455A-B3C4-E654,IDFA
AEBE52E7-03EE-455A-B3C4-E655,IDFA
AEBE52E7-03EE-455A-B3C4-E656,IDFA
AEBE52E7-03EE-455A-B3C4-E657,IDFA
AEBE52E7-03EE-455A-B3C4-E658,IDFA
AEBE52E7-03EE-455A-B3C4-E659,IDFA
AEBE52E7-03EE-455A-B3C4-E660,IDFA
AEBE52E7-03EE-455A-B3C4-E661,IDFA
AEBE52E7-03EE-455A-B3C4-E662,IDFA
AEBE52E7-03EE-455A-B3C4-E663,IDFA
AEBE52E7-03EE-455A-B3C4-E664,IDFA
AEBE52E7-03EE-455A-B3C4-E665,IDFA
AEBE52E7-03EE-455A-B3C4-E666,IDFA
AEBE52E7-03EE-455A-B3C4-E667,IDFA
AEBE52E7-03EE-455A-B3C4-E668,IDFA
AEBE52E7-03EE-455A-B3C4-E669,IDFA
AEBE52E7-03EE-455A-B3C4-E670,IDFA
AEBE52E7-03EE-455A-B3C4-E671,IDFA
AEBE52E7-03EE-455A-B3C4-E672,IDFA
AEBE52E7-03EE-455A-B3C4-E673,IDFA
AEBE52E7-03EE-455A-B3C4-E674,IDFA
AEBE52E7-03EE-455A-B3C4-E675,IDFA
AEBE52E7-03EE-455A-B3C4-E676,IDFA
AEBE52E7-03EE-455A-B3C4-E677,IDFA
AEBE52E7-03EE-455A-B3C4-E678,IDFA
AEBE52E7-03EE-455A-B3C4-E679,IDFA
AEBE52E7-03EE-455A-B3C4-E680,IDFA
AEBE52E7-03EE-455A-B3C4-E681,IDFA
AEBE52E7-03EE-455A-B3C4-E682,IDFA
AEBE52E7-03EE-455A-B3C4-E683,IDFA
AEBE52E7-03EE-455A-B3C4-E684,IDFA
AEBE52E7-03EE-455A-B3C4-E685,IDFA
AEBE52E7-03EE-455A-B3C4-E686,IDFA
AEBE52E7-03EE-455A-B3C4-E687,IDFA
AEBE52E7-03EE-455A-B3C4-E688,IDFA
AEBE52E7-03EE-455A-B3C4-E689,IDFA
AEBE52E7-03EE-455A-B3C4-E690,IDFA
AEBE52E7-03EE-455A-B3C4-E691,IDFA
AEBE52E7-03EE-455A-B3C4-E692,IDFA
AEBE52E7-03EE-455A-B3C4-E693,IDFA
AEBE52E7-03EE-455A-B3C4-E694,IDFA
AEBE52E7-03EE-455A-B3C4-E695,IDFA
AEBE52E7-03EE-455A-B3C4-E696,IDFA
AEBE52E7-03EE-455A-B3C4-E697,IDFA
AEBE52E7-03EE-455A-B3C4-E698,IDFA
AEBE52E7-03EE-455A-B3C4-E699,IDFA
AEBE52E7-03EE-455A-B3C4-E700,IDFA
AEBE52E7-03EE-455A-B3C4-E701,IDFA
AEBE52E7-03EE-455A-B3C4-E702,IDFA
AEBE52E7-03EE-455A-B3C4-E703,IDFA
AEBE52E7-03EE-455A-B3C4-E704,IDFA
AEBE52E7-03EE-455A-B3C4-E705,IDFA
AEBE52E7-03EE-455A-B3C4-E706,IDFA
AEBE52E7-03EE-455A-B3C4-E707,IDFA
AEBE52E7-03EE-455A-B3C4-E708,IDFA
AEBE52E7-03EE-455A-B3C4-E709,IDFA
AEBE52E7-03EE-455A-B3C4-E710,IDFA
AEBE52E7-03EE-455A-B3C4-E711,IDFA
AEBE52E7-03EE-455A-B3C4-E712,IDFA
AEBE52E7-03EE-455A-B3C4-E713,IDFA
AEBE52E7-03EE-455A-B3C4-E714,IDFA
AEBE52E7-03EE-455A-B3C4-E715,IDFA
AEBE52E7-03EE-455A-B3C4-E716,IDFA
AEBE52E7-03EE-455A-B3C4-E717,IDFA
AEBE52E7-03EE-455A-B3C4-E718,IDFA
AEBE52E7-03EE-455A-B3C4-E719,IDFA
AEBE52E7-03EE-455A-B3C4-E720,IDFA
AEBE52E7-03EE-455A-B3C4-E721,IDFA
AEBE52E7-03EE-455A-B3C4-E722,IDFA
AEBE52E7-03EE-455A-B3C4-E723,IDFA
AEBE52E7-03EE-455A-B3C4-E724,IDFA
AEBE52E7-03EE-455A-B3C4-E725,IDFA
AEBE52E7-03EE-455A-B3C4-E726,IDFA
AEBE52E7-03EE-455A-B3C4-E727,IDFA
AEBE52E7-03EE-455A-B3C4-E728,IDFA
AEBE52E7-03EE-455A-B3C4-E729,IDFA
AEBE52E7-03EE-455A-B3C4-E730,IDFA
AEBE52E7-03EE-455A-B3C4-E731,IDFA
AEBE52E7-03EE-455A-B3C4-E732,IDFA
AEBE52E7-03EE-455A-B3C4-E733,IDFA
AEBE52E7-03EE-455A-B3C4-E734,IDFA
AEBE52E7-03EE-455A-B3C4-E735,IDFA
AEBE52E7-03EE-455A-B3C4-E736,IDFA
AEBE52E7-03EE-455A-B3C4-E737,IDFA
AEBE52E7-03EE-455A-B3C4-E738,IDFA
AEBE52E7-03EE-455A-B3C4-E739,IDFA
AEBE52E7-03EE-455A-B3C4-E740,IDFA
AEBE52E7-03EE-455A-B3C4-E741,IDFA
AEBE52E7-03EE-455A-B3C4-E742,IDFA
AEBE52E7-03EE-455A-B3C4-E743,IDFA
AEBE52E7-03EE-455A-B3C4-E744,IDFA
AEBE52E7-03EE-455A-B3C4-E745,IDFA
AEBE52E7-03EE-455A-B3C4-E746,IDFA
AEBE52E7-03EE-455A-B3C4-E747,IDFA
AEBE52E7-03EE-455A-B3C4-E748,IDFA
AEBE52E7-03EE-455A-B3C4-E749,IDFA
AEBE52E7-03EE-455A-B3C4-E750,IDFA
AEBE52E7-03EE-455A-B3C4-E751,IDFA
AEBE52E7-03EE-455A-B3C4-E752,IDFA
AEBE52E7-03EE-455A-B3C4-E753,IDFA
AEBE52E7-03EE-455A-B3C4-E754,IDFA
AEBE52E7-03EE-455A-B3C4-E755,IDFA
AEBE52E7-03EE-455A-B3C4-E756,IDFA
AEBE52E7-03EE-455A-B3C4-E757,IDFA
AEBE52E7-03EE-455A-B3C4-E758,IDFA
AEBE52E7-03EE-455A-B3C4-E759,IDFA
AEBE52E7-03EE-455A-B3C4-E760,IDFA
AEBE52E7-03EE-455A-B3C4-E761,IDFA
AEBE52E7-03EE-455A-B3C4-E762,IDFA
AEBE52E7-03EE-455A-B3C4-E763,IDFA
AEBE52E7-03EE-455A-B3C4-E764,IDFA
AEBE52E7-03EE-455A-B3C4-E765,IDFA
AEBE52E7-03EE-455A-B3C4-E766,IDFA
AEBE52E7-03EE-455A-B3C4-E767,IDFA
AEBE52E7-03EE-455A-B3C4-E768,IDFA
AEBE52E7-03EE-455A-B3C4-E769,IDFA
AEBE52E7-03EE-455A-B3C4-E770,IDFA
AEBE52E7-03EE-455A-B3C4-E771,IDFA
AEBE52E7-03EE-455A-B3C4-E772,IDFA
AEBE52E7-03EE-455A-B3C4-E773,IDFA
AEBE52E7-03EE-455A-B3C4-E774,IDFA
AEBE52E7-03EE-455A-B3C4-E775,IDFA
AEBE52E7-03EE-455A-B3C4-E776,IDFA
AEBE52E7-03EE-455A-B3C4-E777,IDFA
AEBE52E7-03EE-455A-B3C4-E778,IDFA
AEBE52E7-03EE-455A-B3C4-E779,IDFA
AEBE52E7-03EE-455A-B3C4-E780,IDFA
AEBE52E7-03EE-455A-B3C4-E781,IDFA
AEBE52E7-03EE-455A-B3C4-E782,IDFA
AEBE52E7-03EE-455A-B3C4-E783,IDFA
AEBE52E7-03EE-455A-B3C4-E784,IDFA
AEBE52E7-03EE-455A-B3C4-E785,IDFA
AEBE52E7-03EE-455A-B3C4-E786,IDFA
AEBE52E7-03EE-455A-B3C4-E787,IDFA
AEBE52E7-03EE-455A-B3C4-E788,IDFA
AEBE52E7-03EE-455A-B3C4-E789,IDFA
AEBE52E7-03EE-455A-B3C4-E790,IDFA
AEBE52E7-03EE-455A-B3C4-E791,IDFA
AEBE52E7-03EE-455A-B3C4-E792,IDFA
AEBE52E7-03EE-455A-B3C4-E793,IDFA
AEBE52E7-03EE-455A-B3C4-E794,IDFA
AEBE52E7-03EE-455A-B3C4-E795,IDFA
AEBE52E7-03EE-455A-B3C4-E796,IDFA
AEBE52E7-03EE-455A-B3C4-E797,IDFA
AEBE52E7-03EE-455A-B3C4-E798,IDFA
AEBE52E7-03EE-455A-B3C4-E799,IDFA
AEBE52E7-03EE-455A-B3C4-E800,IDFA
AEBE52E7-03EE-455A-B3C4-E801,IDFA
AEBE52E7-03EE-455A-B3C4-E802,IDFA
AEBE52E7-03EE-455A-B3C4-E803,IDFA
AEBE52E7-03EE-455A-B3C4-E804,IDFA
AEBE52E7-03EE-455A-B3C4-E805,IDFA
AEBE52E7-03EE-455A-B3C4-E806,IDFA
AEBE52E7-03EE-455A-B3C4-E807,IDFA
AEBE52E7-03EE-455A-B3C4-E808,IDFA
AEBE52E7-03EE-455A-B3C4-E809,IDFA
AEBE52E7-03EE-455A-B3C4-E810,IDFA
AEBE52E7-03EE-455A-B3C4-E811,IDFA
AEBE52E7-03EE-455A-B3C4-E812,IDFA
AEBE52E7-03EE-455A-B3C4-E813,IDFA
AEBE52E7-03EE-455A-B3C4-E814,IDFA
AEBE52E7-03EE-455A-B3C4-E815,IDFA
AEBE52E7-03EE-455A-B3C4-E816,IDFA
AEBE52E7-03EE-455A-B3C4-E817,IDFA
AEBE52E7-03EE-455A-B3C4-E818,IDFA
AEBE52E7-03EE-455A-B3C4-E819,IDFA
AEBE52E7-03EE-455A-B3C4-E820,IDFA
AEBE52E7-03EE-455A-B3C4-E821,IDFA
AEBE52E7-03EE-455A-B3C4-E822,IDFA
AEBE52E7-03EE-455A-B3C4-E823,IDFA
AEBE52E7-03EE-455A-B3C4-E824,IDFA
AEBE52E7-03EE-455A-B3C4-E825,IDFA
AEBE52E7-03EE-455A-B3C4-E826,IDFA
AEBE52E7-03EE-455A-B3C4-E827,IDFA
AEBE52E7-03EE-455A-B3C4-E828,IDFA
AEBE52E7-03EE-455A-B3C4-E829,IDFA
AEBE52E7-03EE-455A-B3C4-E830,IDFA
AEBE52E7-03EE-455A-B3C4-E831,IDFA
AEBE52E7-03EE-455A-B3C4-E832,IDFA
AEBE52E7-03EE-455A-B3C4-E833,IDFA
AEBE52E7-03EE-455A-B3C4-E834,IDFA
AEBE52E7-03EE-455A-B3C4-E835,IDFA
AEBE52E7-03EE-455A-B3C4-E836,IDFA
AEBE52E7-03EE-455A-B3C4-E837,IDFA
AEBE52E7-03EE-455A-B3C4-E838,IDFA
AEBE52E7-03EE-455A-B3C4-E839,IDFA
AEBE52E7-03EE-455A-B3C4-E840,IDFA
AEBE52E7-03EE-455A-B3C4-E841,IDFA
AEBE52E7-03EE-455A-B3C4-E842,IDFA
AEBE52E7-03EE-455A-B3C4-E843,IDFA
AEBE52E7-03EE-455A-B3C4-E844,IDFA
AEBE52E7-03EE-455A-B3C4-E845,IDFA
AEBE52E7-03EE-455A-B3C4-E846,IDFA
AEBE52E7-03EE-455A-B3C4-E847,IDFA
AEBE52E7-03EE-455A-B3C4-E848,IDFA
AEBE52E7-03EE-455A-B3C4-E849,IDFA
AEBE52E7-03EE-455A-B3C4-E850,IDFA
AEBE52E7-03EE-455A-B3C4-E851,IDFA
AEBE52E7-03EE-455A-B3C4-E852,IDFA
AEBE52E7-03EE-455A-B3C4-E853,IDFA
AEBE52E7-03EE-455A-B3C4-E854,IDFA
AEBE52E7-03EE-455A-B3C4-E855,IDFA
AEBE52E7-03EE-455A-B3C4-E856,IDFA
AEBE52E7-03EE-455A-B3C4-E857,IDFA
AEBE52E7-03EE-455A-B3C4-E858,IDFA
AEBE52E7-03EE-455A-B3C4-E859,IDFA
AEBE52E7-03EE-455A-B3C4-E860,IDFA
AEBE52E7-03EE-455A-B3C4-E861,IDFA
AEBE52E7-03EE-455A-B3C4-E862,IDFA
AEBE52E7-03EE-455A-B3C4-E863,IDFA
AEBE52E7-03EE-455A-B3C4-E864,IDFA
AEBE52E7-03EE-455A-B3C4-E865,IDFA
AEBE52E7-03EE-455A-B3C4-E866,IDFA
AEBE52E7-03EE-455A-B3C4-E867,IDFA
AEBE52E7-03EE-455A-B3C4-E868,IDFA
AEBE52E7-03EE-455A-B3C4-E869,IDFA
AEBE52E7-03EE-455A-B3C4-E870,IDFA
AEBE52E7-03EE-455A-B3C4-E871,IDFA
AEBE52E7-03EE-455A-B3C4-E872,IDFA
AEBE52E7-03EE-455A-B3C4-E873,IDFA
AEBE52E7-03EE-455A-B3C4-E874,IDFA
AEBE52E7-03EE-455A-B3C4-E875,IDFA
AEBE52E7-03EE-455A-B3C4-E876,IDFA
AEBE52E7-03EE-455A-B3C4-E877,IDFA
AEBE52E7-03EE-455A-B3C4-E878,IDFA
AEBE52E7-03EE-455A-B3C4-E879,IDFA
AEBE52E7-03EE-455A-B3C4-E880,IDFA
AEBE52E7-03EE-455A-B3C4-E881,IDFA
AEBE52E7-03EE-455A-B3C4-E882,IDFA
AEBE52E7-03EE-455A-B3C4-E883,IDFA
AEBE52E7-03EE-455A-B3C4-E884,IDFA
AEBE52E7-03EE-455A-B3C4-E885,IDFA
AEBE52E7-03EE-455A-B3C4-E886,IDFA
AEBE52E7-03EE-455A-B3C4-E887,IDFA
AEBE52E7-03EE-455A-B3C4-E888,IDFA
AEBE52E7-03EE-455A-B3C4-E889,IDFA
AEBE52E7-03EE-455A-B3C4-E890,IDFA
AEBE52E7-03EE-455A-B3C4-E891,IDFA
AEBE52E7-03EE-455A-B3C4-E892,IDFA
AEBE52E7-03EE-455A-B3C4-E893,IDFA
AEBE52E7-03EE-455A-B3C4-E894,IDFA
AEBE52E7-03EE-455A-B3C4-E895,IDFA
AEBE52E7-03EE-455A-B3C4-E896,IDFA
AEBE52E7-03EE-455A-B3C4-E897,IDFA
AEBE52E7-03EE-455A-B3C4-E898,IDFA
AEBE52E7-03EE-455A-B3C4-E899,IDFA
AEBE52E7-03EE-455A-B3C4-E900,IDFA
AEBE52E7-03EE-455A-B3C4-E901,IDFA
AEBE52E7-03EE-455A-B3C4-E902,IDFA
AEBE52E7-03EE-455A-B3C4-E903,IDFA
AEBE52E7-03EE-455A-B3C4-E904,IDFA
AEBE52E7-03EE-455A-B3C4-E905,IDFA
AEBE52E7-03EE-455A-B3C4-E906,IDFA
AEBE52E7-03EE-455A-B3C4-E907,IDFA
AEBE52E7-03EE-455A-B3C4-E908,IDFA
AEBE52E7-03EE-455A-B3C4-E909,IDFA
AEBE52E7-03EE-455A-B3C4-E910,IDFA
AEBE52E7-03EE-455A-B3C4-E911,IDFA
AEBE52E7-03EE-455A-B3C4-E912,IDFA
AEBE52E7-03EE-455A-B3C4-E913,IDFA
AEBE52E7-03EE-455A-B3C4-E914,IDFA
AEBE52E7-03EE-455A-B3C4-E915,IDFA
AEBE52E7-03EE-455A-B3C4-E916,IDFA
AEBE52E7-03EE-455A-B3C4-E917,IDFA
AEBE52E7-03EE-455A-B3C4-E918,IDFA
AEBE52E7-03EE-455A-B3C4-E919,IDFA
AEBE52E7-03EE-455A-B3C4-E920,IDFA
AEBE52E7-03EE-455A-B3C4-E921,IDFA
AEBE52E7-03EE-455A-B3C4-E922,IDFA
AEBE52E7-03EE-455A-B3C4-E923,IDFA
AEBE52E7-03EE-455A-B3C4-E924,IDFA
AEBE52E7-03EE-455A-B3C4-E925,IDFA
AEBE52E7-03EE-455A-B3C4-E926,IDFA
AEBE52E7-03EE-455A-B3C4-E927,IDFA
AEBE52E7-03EE-455A-B3C4-E928,IDFA
AEBE52E7-03EE-455A-B3C4-E929,IDFA
AEBE52E7-03EE-455A-B3C4-E930,IDFA
AEBE52E7-03EE-455A-B3C4-E931,IDFA
AEBE52E7-03EE-455A-B3C4-E932,IDFA
AEBE52E7-03EE-455A-B3C4-E933,IDFA
AEBE52E7-03EE-455A-B3C4-E934,IDFA
AEBE52E7-03EE-455A-B3C4-E935,IDFA
AEBE52E7-03EE-455A-B3C4-E936,IDFA
AEBE52E7-03EE-455A-B3C4-E937,IDFA
AEBE52E7-03EE-455A-B3C4-E938,IDFA
AEBE52E7-03EE-455A-B3C4-E939,IDFA
AEBE52E7-03EE-455A-B3C4-E940,IDFA
AEBE52E7-03EE-455A-B3C4-E941,IDFA
AEBE52E7-03EE-455A-B3C4-E942,IDFA
AEBE52E7-03EE-455A-B3C4-E943,IDFA
AEBE52E7-03EE-455A-B3C4-E944,IDFA
AEBE52E7-03EE-455A-B3C4-E945,IDFA
AEBE52E7-03EE-455A-B3C4-E946,IDFA
AEBE52E7-03EE-455A-B3C4-E947,IDFA
AEBE52E7-03EE-455A-B3C4-E948,IDFA
AEBE52E7-03EE-455A-B3C4-E949,IDFA
AEBE52E7-03EE-455A-B3C4-E950,IDFA
AEBE52E7-03EE-455A-B3C4-E951,IDFA
AEBE52E7-03EE-455A-B3C4-E952,IDFA
AEBE52E7-03EE-455A-B3C4-E953,IDFA
AEBE52E7-03EE-455A-B3C4-E954,IDFA
AEBE52E7-03EE-455A-B3C4-E955,IDFA
AEBE52E7-03EE-455A-B3C4-E956,IDFA
AEBE52E7-03EE-455A-B3C4-E957,IDFA
AEBE52E7-03EE-455A-B3C4-E958,IDFA
AEBE52E7-03EE-455A-B3C4-E959,IDFA
AEBE52E7-03EE-455A-B3C4-E960,IDFA
AEBE52E7-03EE-455A-B3C4-E961,IDFA
AEBE52E7-03EE-455A-B3C4-E962,IDFA
AEBE52E7-03EE-455A-B3C4-E963,IDFA
AEBE52E7-03EE-455A-B3C4-E964,IDFA
AEBE52E7-03EE-455A-B3C4-E965,IDFA
AEBE52E7-03EE-455A-B3C4-E966,IDFA
AEBE52E7-03EE-455A-B3C4-E967,IDFA
AEBE52E7-03EE-455A-B3C4-E968,IDFA
AEBE52E7-03EE-455A-B3C4-E969,IDFA
AEBE52E7-03EE-455A-B3C4-E970,IDFA
AEBE52E7-03EE-455A-B3C4-E971,IDFA
AEBE52E7-03EE-455A-B3C4-E972,IDFA
AEBE52E7-03EE-455A-B3C4-E973,IDFA
AEBE52E7-03EE-455A-B3C4-E974,IDFA
AEBE52E7-03EE-455A-B3C4-E975,IDFA
AEBE52E7-03EE-455A-B3C4-E976,IDFA
AEBE52E7-03EE-455A-B3C4-E977,IDFA
AEBE52E7-03EE-455A-B3C4-E978,IDFA
AEBE52E7-03EE-455A-B3C4-E979,IDFA
AEBE52E7-03EE-455A-B3C4-E980,IDFA
AEBE52E7-03EE-455A-B3C4-E981,IDFA
AEBE52E7-03EE-455A-B3C4-E982,IDFA
AEBE52E7-03EE-455A-B3C4-E983,IDFA
AEBE52E7-03EE-455A-B3C4-E984,IDFA
AEBE52E7-03EE-455A-B3C4-E985,IDFA
AEBE52E7-03EE-455A-B3C4-E986,IDFA
AEBE52E7-03EE-455A-B3C4-E987,IDFA
AEBE52E7-03EE-455A-B3C4-E988,IDFA
AEBE52E7-03EE-455A-B3C4-E989,IDFA
AEBE52E7-03EE-455A-B3C4-E990,IDFA
AEBE52E7-03EE-455A-B3C4-E991,IDFA
AEBE52E7-03EE-455A-B3C4-E992,IDFA
AEBE52E7-03EE-455A-B3C4-E993,IDFA
AEBE52E7-03EE-455A-B3C4-E994,IDFA
AEBE52E7-03EE-455A-B3C4-E995,IDFA
AEBE52E7-03EE-455A-B3C4-E996,IDFA
AEBE52E7-03EE-455A-B3C4-E997,IDFA
AEBE52E7-03EE-455A-B3C4-E998,IDFA
AEBE52E7-03EE-455A-B3C4-E999,IDFA
AEBE52E7-03EE-455A-B3C4-E1000,IDFA
